{
  "num_reg:abalone": {
    "n": 4177,
    "p": 7,
    "n_cat": 0,
    "models": {
      "YABT": {
        "gpu": {
          "mean": 0.5300702253977457,
          "std": 0.0080715599268366,
          "time": 2.773193041483561
        }
      },
      "XGBoost": {
        "gpu": {
          "mean": 0.5277263720830282,
          "std": 0.011054643499644128,
          "time": 0.08596968650817871
        }
      },
      "LightGBM": {
        "gpu": {
          "mean": 0.5427166813615386,
          "std": 0.004473471120125471,
          "time": 0.1964875062306722
        }
      },
      "CatBoost": {
        "gpu": {
          "mean": 0.5363935870941371,
          "std": 0.009279333982989002,
          "time": 0.21041949590047201
        }
      }
    }
  },
  "num_reg:wine_quality": {
    "n": 6497,
    "p": 11,
    "n_cat": 0,
    "models": {
      "YABT": {
        "gpu": {
          "mean": 0.44448145230611164,
          "std": 0.009372971640091775,
          "time": 2.4826727708180747
        }
      },
      "XGBoost": {
        "gpu": {
          "mean": 0.43436282873153687,
          "std": 0.010157272290038271,
          "time": 0.0759287675221761
        }
      },
      "LightGBM": {
        "gpu": {
          "mean": 0.4178958834495523,
          "std": 0.010786791242555526,
          "time": 0.19166994094848633
        }
      },
      "CatBoost": {
        "gpu": {
          "mean": 0.3929278590385416,
          "std": 0.010788489448036948,
          "time": 0.1877423127492269
        }
      }
    }
  },
  "num_reg:cpu_act": {
    "n": 8192,
    "p": 21,
    "n_cat": 0,
    "models": {
      "YABT": {
        "gpu": {
          "mean": 0.9860118627548218,
          "std": 0.00041554624819441395,
          "time": 2.6478461424509683
        }
      },
      "XGBoost": {
        "gpu": {
          "mean": 0.9786488811175028,
          "std": 0.005795858201202542,
          "time": 0.08775655428568523
        }
      },
      "LightGBM": {
        "gpu": {
          "mean": 0.9832415472078332,
          "std": 0.0024253412702341325,
          "time": 0.195083220799764
        }
      },
      "CatBoost": {
        "gpu": {
          "mean": 0.9794347401995857,
          "std": 0.0029366130322075468,
          "time": 0.19226511319478354
        }
      }
    }
  },
  "num_reg:yprop_4_1": {
    "n": 8885,
    "p": 42,
    "n_cat": 0,
    "models": {
      "YABT": {
        "gpu": {
          "mean": 0.02330470085144043,
          "std": 0.023375960877503887,
          "time": 2.6082605520884194
        }
      },
      "XGBoost": {
        "gpu": {
          "mean": 0.039948105812072754,
          "std": 0.02893316320882959,
          "time": 0.09314632415771484
        }
      },
      "LightGBM": {
        "gpu": {
          "mean": 0.05895872386667208,
          "std": 0.009365738091087459,
          "time": 0.20379002888997397
        }
      },
      "CatBoost": {
        "gpu": {
          "mean": 0.06844489584622877,
          "std": 0.015735519442839265,
          "time": 0.20531288782755533
        }
      }
    }
  },
  "num_reg:sulfur": {
    "n": 10081,
    "p": 6,
    "n_cat": 0,
    "models": {
      "YABT": {
        "gpu": {
          "mean": 0.7941427826881409,
          "std": 0.046529802431931465,
          "time": 2.561833222707113
        }
      },
      "XGBoost": {
        "gpu": {
          "mean": 0.8142809271812439,
          "std": 0.03606951735395193,
          "time": 0.07906063397725423
        }
      },
      "LightGBM": {
        "gpu": {
          "mean": 0.7703099997659671,
          "std": 0.04691268731742452,
          "time": 0.19143875439961752
        }
      },
      "CatBoost": {
        "gpu": {
          "mean": 0.786109464192398,
          "std": 0.027864483885772305,
          "time": 0.18201375007629395
        }
      }
    }
  },
  "num_reg:Brazilian_houses": {
    "n": 10692,
    "p": 8,
    "n_cat": 0,
    "models": {
      "YABT": {
        "gpu": {
          "mean": 0.9898148775100708,
          "std": 0.004095736244930013,
          "time": 2.6984634399414062
        }
      },
      "XGBoost": {
        "gpu": {
          "mean": 0.9927746454874674,
          "std": 0.003980461403129694,
          "time": 0.07249784469604492
        }
      },
      "LightGBM": {
        "gpu": {
          "mean": 0.9881952319745338,
          "std": 0.00357210259344735,
          "time": 0.17779668172200522
        }
      },
      "CatBoost": {
        "gpu": {
          "mean": 0.991700754579227,
          "std": 0.0038343627618039836,
          "time": 0.18043740590413412
        }
      }
    }
  },
  "num_reg:Ailerons": {
    "n": 13750,
    "p": 33,
    "n_cat": 0,
    "models": {
      "YABT": {
        "gpu": {
          "mean": 0.8467903534571329,
          "std": 0.0015938361815002586,
          "time": 2.659842014312744
        }
      },
      "XGBoost": {
        "gpu": {
          "mean": 0.8284448782602946,
          "std": 0.004067273664543519,
          "time": 0.056823174158732094
        }
      },
      "LightGBM": {
        "gpu": {
          "mean": 0.8431960986264406,
          "std": 0.0028340414020633447,
          "time": 0.20865472157796225
        }
      },
      "CatBoost": {
        "gpu": {
          "mean": 0.8416005820376936,
          "std": 0.0013276840347495838,
          "time": 0.2008338769276937
        }
      }
    }
  },
  "num_reg:MiamiHousing2016": {
    "n": 13932,
    "p": 13,
    "n_cat": 0,
    "models": {
      "YABT": {
        "gpu": {
          "mean": 0.9305907090504965,
          "std": 0.0006230005996835961,
          "time": 2.7073240280151367
        }
      },
      "XGBoost": {
        "gpu": {
          "mean": 0.9263894557952881,
          "std": 0.0016250178089711473,
          "time": 0.0938882827758789
        }
      },
      "LightGBM": {
        "gpu": {
          "mean": 0.9229371087983358,
          "std": 0.001477899935802923,
          "time": 0.20618065198262533
        }
      },
      "CatBoost": {
        "gpu": {
          "mean": 0.9148067431700992,
          "std": 0.001475662000123975,
          "time": 0.17854388554890951
        }
      }
    }
  },
  "num_reg:pol": {
    "n": 15000,
    "p": 26,
    "n_cat": 0,
    "models": {
      "YABT": {
        "gpu": {
          "mean": 0.9884214997291565,
          "std": 0.00031256434754665637,
          "time": 2.717646757761637
        }
      },
      "XGBoost": {
        "gpu": {
          "mean": 0.984030028184255,
          "std": 0.0005275672180009274,
          "time": 0.08868662516276042
        }
      },
      "LightGBM": {
        "gpu": {
          "mean": 0.9825259526781077,
          "std": 0.0012918777080833696,
          "time": 0.20366120338439941
        }
      },
      "CatBoost": {
        "gpu": {
          "mean": 0.9708255831296673,
          "std": 0.000976843257291647,
          "time": 0.1782682736714681
        }
      }
    }
  },
  "num_reg:elevators": {
    "n": 16599,
    "p": 16,
    "n_cat": 0,
    "models": {
      "YABT": {
        "gpu": {
          "mean": 0.9037665327390035,
          "std": 0.002879868012054632,
          "time": 2.7361086209615073
        }
      },
      "XGBoost": {
        "gpu": {
          "mean": 0.8809640606244405,
          "std": 0.0010856406038083565,
          "time": 0.0918877124786377
        }
      },
      "LightGBM": {
        "gpu": {
          "mean": 0.8774931297382899,
          "std": 0.0008782647658569872,
          "time": 0.22126015027364096
        }
      },
      "CatBoost": {
        "gpu": {
          "mean": 0.8447580773834497,
          "std": 0.0029511206059076997,
          "time": 0.17807396252950033
        }
      }
    }
  },
  "num_reg:Bike_Sharing_Demand": {
    "n": 17379,
    "p": 6,
    "n_cat": 0,
    "models": {
      "YABT": {
        "gpu": {
          "mean": 0.6998576720555624,
          "std": 0.007312850149732042,