{
  "num_reg:abalone": {
    "n": 4177,
    "p": 7,
    "n_cat": 0,
    "models": {
      "YABT": {
        "cpu": {
          "mean": 0.5334879159927368,
          "std": 0.007818289344400348,
          "time": 0.8397638003031412
        }
      },
      "XGBoost": {
        "cpu": {
          "mean": 0.527726391951243,
          "std": 0.011054670313528974,
          "time": 0.06891822814941406
        }
      },
      "LightGBM": {
        "cpu": {
          "mean": 0.5427765879104899,
          "std": 0.004484256179748377,
          "time": 0.023322582244873047
        }
      },
      "CatBoost": {
        "cpu": {
          "mean": 0.5396306874355042,
          "std": 0.01086475081892397,
          "time": 0.12906503677368164
        }
      }
    }
  },
  "num_reg:wine_quality": {
    "n": 6497,
    "p": 11,
    "n_cat": 0,
    "models": {
      "YABT": {
        "cpu": {
          "mean": 0.4430308739344279,
          "std": 0.00836634256595985,
          "time": 0.9379315376281738
        }
      },
      "XGBoost": {
        "cpu": {
          "mean": 0.43436284859975177,
          "std": 0.010157341280781199,
          "time": 0.06933633486429851
        }
      },
      "LightGBM": {
        "cpu": {
          "mean": 0.41784126185210235,
          "std": 0.010821571958790653,
          "time": 0.025098800659179688
        }
      },
      "CatBoost": {
        "cpu": {
          "mean": 0.3852118040811024,
          "std": 0.008701255076672961,
          "time": 0.09336304664611816
        }
      }
    }
  },
  "num_reg:cpu_act": {
    "n": 8192,
    "p": 21,
    "n_cat": 0,
    "models": {
      "YABT": {
        "cpu": {
          "mean": 0.9862596193949381,
          "std": 0.0003688867607445054,
          "time": 1.139216661453247
        }
      },
      "XGBoost": {
        "cpu": {
          "mean": 0.9786488811175028,
          "std": 0.005795858201202542,
          "time": 0.15538922945658365
        }
      },
      "LightGBM": {
        "cpu": {
          "mean": 0.9832348531491565,
          "std": 0.0024307182097391684,
          "time": 0.032726685206095375
        }
      },
      "CatBoost": {
        "cpu": {
          "mean": 0.9823495572165659,
          "std": 0.0013960865249070112,
          "time": 0.10632832845052083
        }
      }
    }
  },
  "num_reg:yprop_4_1": {
    "n": 8885,
    "p": 42,
    "n_cat": 0,
    "models": {
      "YABT": {
        "cpu": {
          "mean": 0.04161769151687622,
          "std": 0.007842516756556698,
          "time": 1.4269382158915203
        }
      },
      "XGBoost": {
        "cpu": {
          "mean": 0.039948105812072754,
          "std": 0.02893294445070456,
          "time": 0.12211330731709798
        }
      },
      "LightGBM": {
        "cpu": {
          "mean": 0.05886222691014409,
          "std": 0.009340193744086326,
          "time": 0.042603095372517906
        }
      },
      "CatBoost": {
        "cpu": {
          "mean": 0.0648165365808679,
          "std": 0.01178496518109451,
          "time": 0.11351521809895833
        }
      }
    }
  },
  "num_reg:sulfur": {
    "n": 10081,
    "p": 6,
    "n_cat": 0,
    "models": {
      "YABT": {
        "cpu": {
          "mean": 0.7785548369089762,
          "std": 0.04196172260451163,
          "time": 0.9688237508138021
        }
      },
      "XGBoost": {
        "cpu": {
          "mean": 0.8142809073130289,
          "std": 0.03606950818257807,
          "time": 0.07108155886332194
        }
      },
      "LightGBM": {
        "cpu": {
          "mean": 0.7703145779976636,
          "std": 0.046899631005797235,
          "time": 0.023315985997517902
        }
      },
      "CatBoost": {
        "cpu": {
          "mean": 0.7955730849429307,
          "std": 0.039725533816786444,
          "time": 0.09835537274678548
        }
      }
    }
  },
  "num_reg:Brazilian_houses": {
    "n": 10692,
    "p": 8,
    "n_cat": 0,
    "models": {
      "YABT": {
        "cpu": {
          "mean": 0.989353617032369,
          "std": 0.004219776127765643,
          "time": 1.0674323240915935
        }
      },
      "XGBoost": {
        "cpu": {
          "mean": 0.9927746454874674,
          "std": 0.003980461403129694,
          "time": 0.05497097969055176
        }
      },
      "LightGBM": {
        "cpu": {
          "mean": 0.9881971489408047,
          "std": 0.0035732295986181054,
          "time": 0.027327934900919598
        }
      },
      "CatBoost": {
        "cpu": {
          "mean": 0.9919130720995897,
          "std": 0.0035630096054938306,
          "time": 0.10455155372619629
        }
      }
    }
  },
  "num_reg:Ailerons": {
    "n": 13750,
    "p": 33,
    "n_cat": 0,
    "models": {
      "YABT": {
        "cpu": {
          "mean": 0.8479155898094177,
          "std": 0.0025384539891936246,
          "time": 1.471646785736084
        }
      },
      "XGBoost": {
        "cpu": {
          "mean": 0.8284448981285095,
          "std": 0.004067300150255463,
          "time": 0.07271242141723633
        }
      },
      "LightGBM": {
        "cpu": {
          "mean": 0.8427471235225532,
          "std": 0.0031878788665034344,
          "time": 0.04953575134277344
        }
      },
      "CatBoost": {
        "cpu": {
          "mean": 0.8421084567428648,
          "std": 0.0014869895150448548,
          "time": 0.1154627005259196
        }
      }
    }
  },
  "num_reg:MiamiHousing2016": {
    "n": 13932,
    "p": 13,
    "n_cat": 0,
    "models": {
      "YABT": {
        "cpu": {
          "mean": 0.9311975836753845,
          "std": 0.001446447289701088,
          "time": 1.1929389635721843
        }
      },
      "XGBoost": {
        "cpu": {
          "mean": 0.9263894359270731,
          "std": 0.0016249702660786017,
          "time": 0.15591510136922201
        }
      },
      "LightGBM": {
        "cpu": {
          "mean": 0.9229487105417439,
          "std": 0.0014672250478336688,
          "time": 0.038800557454427086
        }
      },
      "CatBoost": {
        "cpu": {
          "mean": 0.9140857542204057,
          "std": 0.0002417139810639402,
          "time": 0.11776574452718098
        }
      }
    }
  },
  "num_reg:pol": {
    "n": 15000,
    "p": 26,
    "n_cat": 0,
    "models": {
      "YABT": {
        "cpu": {
          "mean": 0.9888808528582255,
          "std": 0.0005518866606121063,
          "time": 1.414624293645223
        }
      },
      "XGBoost": {
        "cpu": {
          "mean": 0.984030028184255,
          "std": 0.0005275672180009274,
          "time": 0.1227711836496989
        }
      },
      "LightGBM": {
        "cpu": {
          "mean": 0.9825256889156453,
          "std": 0.0012922492064456918,
          "time": 0.04895536104838053
        }
      },
      "CatBoost": {
        "cpu": {
          "mean": 0.9697326452886811,
          "std": 0.00040028909637823625,
          "time": 0.11213374137878418
        }
      }
    }
  },
  "num_reg:elevators": {
    "n": 16599,
    "p": 16,
    "n_cat": 0,
    "models": {
      "YABT": {
        "cpu": {
          "mean": 0.9045615593592325,
          "std": 0.0008345137938562164,
          "time": 1.3527056376139324
        }
      },
      "XGBoost": {
        "cpu": {
          "mean": 0.8809640606244405,
          "std": 0.0010856406038083565,
          "time": 0.10838731129964192
        }
      },
      "LightGBM": {
        "cpu": {
          "mean": 0.8774426631951385,
          "std": 0.0008645904869211436,
          "time": 0.04981207847595215
        }
      },
      "CatBoost": {
        "cpu": {
          "mean": 0.8468827358258944,
          "std": 0.0037779046161558905,
          "time": 0.10779643058776855
        }
      }
    }
  },
  "num_reg:Bike_Sharing_Demand": {
    "n": 17379,
    "p": 6,
    "n_cat": 0,
    "models": {
      "YABT": {
        "cpu": {
          "mean": 0.7005001703898112,
          "std": 0.005909039156556255,